sender,recipient,message,timestamp
"Svyat","Mary","pЧтёьAeZщBEри8ЧНьШл3я)g","2024-12-08 21:16:35"
"Svyat","Danya","pЧтёьAgZщBEри8ЧНьШл3я)e","2024-12-08 21:17:14"
"Mary","Svyat","pЧтёьA","2024-12-08 21:17:32"
"Svyat","Mary","nЖщм-)rб.+}","2024-12-08 21:17:54"
"Svyat","Mary","nПф*bПвЫР","2024-12-08 21:17:59"
"Svyat","Юкима","pЧтёьA","2024-12-08 21:19:09"
"Svyat","Юкима","nЖщм-)rй.B+ьиH3ЫОСFQyам","2024-12-08 21:19:16"
"Юкима","Svyat","pЧтёьA","2024-12-08 21:19:41"
"Юкима","Mary","pЧтёьAm","2024-12-08 21:19:57"
"Svyat","Юкима","sЛщи8Kr5.?RрдьЩ4ХЧш*щ9G:.AtC}","2024-12-08 21:20:39"
"Юкима","Svyat","lЖнс6g","2024-12-08 21:21:15"
"Svyat","Mary","sЛкиTф_5.oFчхчШНтэЬяT;=Z+{Hопчщ","2024-12-08 21:21:44"
"Svyat","Mary","tэьишNr;.?E1дьЯ4ЧЖуцHlGэ o]тиTЭНУг2иT ]Z*!)эцчШъ","2024-12-08 21:22:17"
"Svyat","Mary","gКэ*6A(2BduLRcC]9:OAUм],LoX","2024-12-08 21:22:28"
"Юкима","Барсик","ч","2024-12-08 21:22:54"
"Юкима","Барсик","ч","2024-12-08 21:23:01"
"Svyat","Орешник","ДСтрчlkZх{=о;T,HMYk*Mlтэ_Qg","2024-12-08 21:24:23"
"Svyat","Юкима","kЖфт4BrЮ.BHчо,3абэщм-;M+c","2024-12-08 21:25:48"
"Орешник","Svyat","ШЮчтJ","2024-12-08 21:26:36"
"Орешник","Svyat","ШХ1с6b","2024-12-08 21:26:42"
"Svyat","Орешник","xЩш*._L,=e","2024-12-08 21:26:56"
"Юкима","Svyat","pХFфч [! Etяи-ХЩЁ","2024-12-08 21:28:12"
"Юкима","Svyat","Zэ7ц0lF!=?Pус0л4ЗПнс[l(::=hKм3Х4ШХх02_r-==J+*2ЫЪЩэьяT_G?*![ъ3ьейт","2024-12-08 21:28:54"
"Svyat","Юкима","bПни-KfZ_!FчхчЪЬьёF]>lНШзТй=*ЯЪНЭПь*{ACZ!{{;цTЯЬСгфтTAPZ[oV","2024-12-08 21:29:37"
"Svyat","Юкима","dЖриTNr,:o[чк,3ПЧЛFёчG_ZA*EпэьЪЦечччT,r-:*GчмTЩЬИЪFм?lHя[-}10Oч4Зэлд.*:?mAGчх3МЩьСйоTNrя[[J=","2024-12-08 21:30:12"
"Svyat","Орешник","kЖф*,*D2E{t0*.РХт","2024-12-08 21:31:04"
"Орешник","Svyat","ЙХни3J(эNoYKс6ЩТЦ","2024-12-08 21:31:26"
"Svyat","Орешник","oР","2024-12-08 21:31:36"
"Юкима","Svyat","pЧто6{Q,=","2024-12-08 21:31:37"
"Svyat","Орешник","tКйы0","2024-12-08 21:31:38"
"Svyat","Орешник","nЖщм-)rы{{Cо","2024-12-08 21:31:47"
"Svyat","Орешник","aвыц8;]","2024-12-08 21:31:50"
"Svyat","Орешник","pХфдT_BэmDJ1","2024-12-08 21:31:52"
"Орешник","Svyat","Хвьд}*QZ;(Bоц]3ЫКЦшщ6-]Z_!t1ё6Т","2024-12-08 21:31:54"
"Svyat","Юкима","nЖщм-)rл*(Oьм2","2024-12-08 21:32:04"
"Svyat","Юкима","ГЩш*Ы)Aэ","2024-12-08 21:32:07"
"Юкима","Орешник","pЧтёьAm","2024-12-08 21:32:57"
"Svyat","Орешник","sвFу6]:Z_(tьд7ХЯЁТ","2024-12-08 21:33:07"
"Svyat","Орешник","pП2м","2024-12-08 21:33:14"
"Svyat","Орешник","pП2м","2024-12-08 21:33:14"
"Svyat","Юкима","kЖф*,*D2E{t0*вМХЁКши4b","2024-12-08 21:36:34"
"asd","Svyat","pЧтёьA","2024-12-08 21:39:23"
"Svyat","Орешник","mХмчHlB!m+(ттTЭбЧШфм1l[2}!I,","2024-12-08 21:40:07"
"Орешник","Svyat","ФС","2024-12-08 21:40:32"
"Mary","Svyat","dЖ","2024-12-08 21:43:39"
"Mary","Юкима","pЧтёьA","2024-12-08 21:43:58"
"Svyat","Mary","hЖци.)*эcoсяд,ФТЦэчиT+H0.(I03TЪНьHГxМfBэm*Fох5ЫЯШгFхч[Gэhbtби7СЮвэrxРЮжNmD}юи8и4ЖЛст79F-_*nьчTЬЬЭЩт}G","2024-12-08 21:47:14"
"Svyat","Орешник","tИофь ","2024-12-08 21:54:07"
"Svyat","Орешник","bэни9}C::oIооюС","2024-12-08 21:54:16"
"Svyat","asd","sЛыц","2024-12-08 21:54:44"
"Svyat","asd","ХrТЁЬы","2024-12-08 22:13:40"
"asd","Svyat","pЧтёьA","2024-12-08 22:15:41"
"asd","Svyat","pЧтё.;","2024-12-08 22:16:14"
"asd","Svyat","pЧтёьA","2024-12-08 22:16:26"
"Svyat","asd","*Sn","2024-12-08 22:16:49"
"Svyat","asd","FH","2024-12-08 22:17:04"
"asd","Svyat","Х","2024-12-08 22:21:12"
"Svyat","asd","4","2024-12-08 22:23:05"
"Svyat","asd","R","2024-12-08 22:23:19"
"Svyat","asd","*SnwyТ","2024-12-08 22:23:23"
